{
  "optimization_id": "cfc3185f-49fb-414a-91ab-0d60ee0c7beb",
  "status": "running",
  "summary": {
    "returns": -0.019221949951170245,
    "win_rate": 0.3333333333333333,
    "max_drawdown": 0.1478903172357173,
    "sharpe_ratio": -0.22304606484689704,
    "trade_count": 3
  },
  "comparison": {
    "original": {
      "returns": -0.019221949951170245,
      "win_rate": 0.3333333333333333,
      "max_drawdown": 0.1478903172357173,
      "sharpe_ratio": -0.22304606484689704,
      "trade_count": 3
    },
    "optimized": null
  },
  "strategy_id": "0df17b0f-725a-4fde-9548-426979ec1dd9",
  "created_at": "2025-03-29T01:00:55.138492"
}