{
  "optimization_id": "17474177-914e-43bc-ba8b-5866171afa20",
  "status": "running",
  "summary": {
    "returns": -0.019221949951170245,
    "win_rate": 0.3333333333333333,
    "max_drawdown": 0.1478903172357173,
    "sharpe_ratio": -0.22304606484689704,
    "trade_count": 3
  },
  "comparison": {
    "original": {
      "returns": -0.019221949951170245,
      "win_rate": 0.3333333333333333,
      "max_drawdown": 0.1478903172357173,
      "sharpe_ratio": -0.22304606484689704,
      "trade_count": 3
    },
    "optimized": null
  },
  "strategy_id": "48a35283-513d-46d9-9e6f-64232ea8291b",
  "created_at": "2025-03-28T15:42:19.666099"
}