{
  "optimization_id": "891ed0c0-c119-41bd-b7ea-14e327ae09ee",
  "status": "running",
  "summary": {
    "returns": -0.028396901123051068,
    "win_rate": 0.3333333333333333,
    "max_drawdown": 0.1478903172357173,
    "sharpe_ratio": -0.3390140614100918,
    "trade_count": 3
  },
  "comparison": {
    "original": {
      "returns": -0.028396901123051068,
      "win_rate": 0.3333333333333333,
      "max_drawdown": 0.1478903172357173,
      "sharpe_ratio": -0.3390140614100918,
      "trade_count": 3
    },
    "optimized": null
  },
  "strategy_id": "5556ca9e-ab45-490e-b815-7849c48d82b4",
  "created_at": "2025-03-28T12:29:38.991698"
}